[{"model": "web.contact", "pk": 1, "fields": {"name": "Jillian Pacheco", "timestamp": "2023-12-12T05:33:50.500Z", "email": "kuxuzyxy@mailinator.com", "phone": "+1 (328) 917-5361", "subject": "Officia cum sint laborum Qui est quidem", "message": "Suscipit deleniti ma"}}, {"model": "web.course", "pk": 1, "fields": {"duration": 4, "fees": 12, "course_name": "Python Development", "course_description": "Embark on a 4-month Python Full Stack Web Development journey, mastering HTML, CSS, JavaScript, Django, and Flask. Guided by industry experts, engage in hands-on projects for a robust portfolio. Enjoy a free internship post-course completion for practical experience. Enroll for $12,000/month, a cost-effective pathway to industry-demanded skills. Our comprehensive curriculum covers the full web development stack, ensuring a holistic understanding. Led by expert instructors, this course is your gateway to a dynamic tech career. Secure your spot now for a rewarding future in web development.", "slug": "Python-Development"}}, {"model": "web.course", "pk": 2, "fields": {"duration": 4, "fees": 12, "course_name": "Digital marketing", "course_description": "A digital marketing course covers essential topics such as SEO, SEM, social media marketing, email marketing, content creation, analytics, and emerging trends, providing both theoretical knowledge and practical skills for navigating the dynamic online marketing landscape.", "slug": "Digital-marketing"}}, {"model": "web.coursefeatures", "pk": 1, "fields": {"course": 1, "course_feature": "Intro to Full-Stack Dev"}}, {"model": "web.coursefeatures", "pk": 2, "fields": {"course": 1, "course_feature": "Front-End: HTML, CSS, JS"}}, {"model": "web.coursefeatures", "pk": 3, "fields": {"course": 1, "course_feature": "Back-End: Python & Frameworks"}}, {"model": "web.coursefeatures", "pk": 4, "fields": {"course": 1, "course_feature": "Databases & Modeling"}}, {"model": "web.coursefeatures", "pk": 5, "fields": {"course": 1, "course_feature": "API Development & Security"}}, {"model": "web.coursefeatures", "pk": 6, "fields": {"course": 1, "course_feature": "Version Control & Collaboration"}}, {"model": "web.coursefeatures", "pk": 7, "fields": {"course": 1, "course_feature": "Deployment & DevOps"}}, {"model": "web.coursefeatures", "pk": 8, "fields": {"course": 1, "course_feature": "Security & Best Practices"}}, {"model": "web.coursefeatures", "pk": 9, "fields": {"course": 1, "course_feature": "Real-World Projects"}}, {"model": "web.coursefeatures", "pk": 10, "fields": {"course": 1, "course_feature": "Final Project & Portfolio"}}, {"model": "web.coursefeatures", "pk": 11, "fields": {"course": 2, "course_feature": "Introduction to Digital Marketing"}}, {"model": "web.coursefeatures", "pk": 12, "fields": {"course": 2, "course_feature": "Search Engine Optimization"}}, {"model": "web.coursefeatures", "pk": 13, "fields": {"course": 2, "course_feature": "Social Media Marketing"}}, {"model": "web.coursefeatures", "pk": 14, "fields": {"course": 2, "course_feature": "Content Marketing"}}, {"model": "web.coursefeatures", "pk": 15, "fields": {"course": 2, "course_feature": "Email Marketing"}}, {"model": "web.coursefeatures", "pk": 16, "fields": {"course": 2, "course_feature": "Pay-Per-Click (PPC) Advertising"}}, {"model": "web.coursefeatures", "pk": 17, "fields": {"course": 2, "course_feature": "Web Analytics"}}, {"model": "web.coursefeatures", "pk": 18, "fields": {"course": 2, "course_feature": "Digital Marketing Strategy"}}, {"model": "web.coursefeatures", "pk": 19, "fields": {"course": 2, "course_feature": "E-commerce Marketing"}}, {"model": "web.coursefeatures", "pk": 20, "fields": {"course": 2, "course_feature": "Mobile Marketing"}}, {"model": "web.ourfacualty", "pk": 1, "fields": {"facualty_image": "media/javasil_fq17PJC.jpg", "facualty_name": "Javasil PK", "facualty_position": "Python fullstack developer", "instagram": "http://www.instagram.com/javasil23/", "linkedin": "https://www.linkedin.com/in/javasil-pk-09874b224/", "twitter": "https://github.com/javasil"}}, {"model": "web.ourfacualty", "pk": 2, "fields": {"facualty_image": "media/file.enc", "facualty_name": "Muhammed Harshin KK", "facualty_position": "Python fullstack developer", "instagram": "http://www.instagram.com/h4rshh.in/", "linkedin": "http://www.linkedin.com/in/h4rshhin", "twitter": "http://www.twitter.com"}}, {"model": "web.ourfacualty", "pk": 3, "fields": {"facualty_image": "media/shabeeb.jpg", "facualty_name": "Shabeeb Sha K", "facualty_position": "Python fullstack developer", "instagram": "http://www.instagram.com/shabeeb_sha942/", "linkedin": "https://www.linkedin.com/in/shabeeb-sha-645212245/", "twitter": "https://github.com/shabeeb942"}}, {"model": "web.ourfacualty", "pk": 4, "fields": {"facualty_image": "media/WhatsApp_Image_2023-12-01_at_5.26.22_PM.jpeg", "facualty_name": "Mijibil Badusha C", "facualty_position": "Graphics Designer", "instagram": "https://www.instagram.com/mijibil__badusha/", "linkedin": "https://www.linkedin.com/in/mijibil-badusha-a72853281/", "twitter": "http://www.twitter.com"}}, {"model": "web.event", "pk": 1, "fields": {"event_image": "media/b2.jpg", "event_date": 12, "event_month": "Dec", "event_cordinator": "Midhlaj Rahman", "location": "Oxdu", "event_title": "Master Python Development", "event_description": "Embark on a transformative journey into the world of Python development at OXDU Tech School's exclusive event, \"Master Python Development.\" This immersive experience is designed for enthusiasts, beginners, and seasoned developers alike, offering a comprehensive exploration of Python's capabilities and best practices.\r\n\r\nUnlock the power of Python as we delve into its advanced features, industry applications, and the latest trends shaping the tech landscape. Our expert instructors will guide you through hands-on sessions, providing valuable insights and practical skills that will elevate your Python programming proficiency.", "slug": "event-1"}}, {"model": "web.event", "pk": 2, "fields": {"event_image": "media/b6.jpg", "event_date": 13, "event_month": "jan", "event_cordinator": "shabeeb", "location": "Kondotty", "event_title": "🚀 Master Digital Marketing  🚀", "event_description": "Join us on January 13th at Gedexo Technologies, Kondotty, for a transformative Master Digital Marketing Event from 9:00 AM to 5:00 PM. Dive into a day filled with expert insights, practical workshops, and unparalleled networking opportunities. Our industry experts will delve into the latest digital marketing trends, providing actionable strategies for success. Engage in hands-on workshops covering key areas such as SEO, social media marketing, and data analytics, ensuring you leave with practical skills ready for implementation. Connect with fellow professionals, business owners, and digital marketing enthusiasts, and explore the digital marketing showcase featuring cutting-edge tools and technologies. Don't miss this chance to elevate your digital marketing game and propel your business forward. Limited seats available", "slug": "Master-Digital-Marketing"}}, {"model": "web.eventpoints", "pk": 1, "fields": {"event": 1, "event_points": "Expert-Led Sessions: Learn from seasoned Python developers with extensive industry experience who wi"}}, {"model": "web.eventpoints", "pk": 2, "fields": {"event": 1, "event_points": "Hands-On Coding: Dive into practical coding exercises designed to reinforce theoretical knowledge an"}}, {"model": "web.eventpoints", "pk": 3, "fields": {"event": 1, "event_points": "Comprehensive Curriculum: Cover a wide range of topics, including Python fundamentals, advanced conc"}}, {"model": "web.eventpoints", "pk": 4, "fields": {"event": 1, "event_points": "Real-World Applications: Explore case studies and examples that showcase Python's versatility in sol"}}, {"model": "web.eventpoints", "pk": 5, "fields": {"event": 1, "event_points": "Networking Opportunities: Connect with fellow developers, industry professionals, and instructors to"}}, {"model": "web.eventpoints", "pk": 6, "fields": {"event": 2, "event_points": "Career Advancement: Unlock opportunities for professional growth in the dynamic field of digital marketing."}}, {"model": "web.eventpoints", "pk": 7, "fields": {"event": 2, "event_points": "Strategic Networking: Connect with industry leaders and peers for potential collaborations and career prospects."}}, {"model": "web.eventpoints", "pk": 8, "fields": {"event": 2, "event_points": "Job Openings and Internships: Access exclusive openings and internships from Gedexo Technologies and partnering companies."}}, {"model": "web.eventpoints", "pk": 9, "fields": {"event": 2, "event_points": "Compensation Insights: Gain knowledge on current compensation trends and negotiation strategies in digital marketing."}}, {"model": "web.eventpoints", "pk": 10, "fields": {"event": 2, "event_points": "Certification and Recognition: Earn valuable certifications, enhancing your professional credibility and marketability."}}, {"model": "web.faq", "pk": 1, "fields": {"faq_question": "What graphic design software do you teach in your courses at Oxdu Tech?", "faq_answer": "At Oxdu Tech, we cover industry-standard graphic design software such as Adobe Creative Suite, ensuring our students gain proficiency in tools widely used in the field."}}, {"model": "web.faq", "pk": 2, "fields": {"faq_question": "Are the Python development courses suitable for beginners?", "faq_answer": "Absolutely! Our Python development courses cater to all skill levels, providing comprehensive learning materials and hands-on projects to support beginners while challenging more experienced developers."}}, {"model": "web.faq", "pk": 3, "fields": {"faq_question": "Do you offer practical experience in mobile development courses?", "faq_answer": "Yes, our mobile development courses include practical, real-world projects that allow students to apply their skills, ensuring they are well-prepared for the challenges of mobile app development."}}, {"model": "web.faq", "pk": 4, "fields": {"faq_question": "How does your digital marketing program stay updated with industry trends?", "faq_answer": "Our digital marketing courses are regularly updated to reflect the latest industry trends and tools, ensuring our students receive relevant and current knowledge in areas like SEO, social media marketing, and online advertising."}}, {"model": "web.testimonial", "pk": 1, "fields": {"name": "Muhammed Midhlaj", "testimonial_content": "Enrolling at Oxdu Tech School was the best decision of my life! The Python Full Stack Development course equipped me with the skills I needed, and their 100% placement assistance landed me a dream job", "position": "Python Developer"}}, {"model": "web.testimonial", "pk": 2, "fields": {"name": "Shibila Sulthana", "testimonial_content": "Digital marketing at Oxdu Tech School not only broadened my horizons but also provided me with practical knowledge that I could immediately apply in the real world. The placement support was the icing on the cake", "position": "Digital marketing"}}, {"model": "web.testimonial", "pk": 3, "fields": {"name": "Muahammed Shabeeb", "testimonial_content": "Choosing Oxdu Tech School for my Full Stack Development journey was a game-changer. The comprehensive Python course, coupled with their commitment to placement assistance, made my transition into the tech industry seamless", "position": "python developer"}}, {"model": "web.register", "pk": 1, "fields": {"full_name": "Emerson Mercado", "email": "nuxy@mailinator.com", "location": "Rem rerum labore do dolore sed nisi obcaecati nobis quidem ullam ea in pariatur Ullamco autem excep", "contact_number": "620", "event": null}}, {"model": "web.register", "pk": 2, "fields": {"full_name": "Rina Swanson", "email": "julusyteg@mailinator.com", "location": "Deserunt placeat consequuntur inventore expedita magnam soluta culpa beatae perferendis quisquam o", "contact_number": "573", "event": null}}, {"model": "web.register", "pk": 3, "fields": {"full_name": "Latifah Diaz", "email": "sakezehus@mailinator.com", "location": "Qui dolore dolore sed deserunt vel atque sunt eum qui officiis ut pariatur Dolore architecto eaque", "contact_number": "75", "event": null}}, {"model": "web.register", "pk": 4, "fields": {"full_name": "Clark Ortega", "email": "gavy@mailinator.com", "location": "Aliquip exercitation lorem eum similique", "contact_number": "74", "event": null}}, {"model": "web.register", "pk": 5, "fields": {"full_name": "Andrew Gutierrez", "email": "pycacaxop@mailinator.com", "location": "Beatae aliquam et enim aperiam omnis est quos iusto sint necessitatibus sint ex quidem fugiat aute", "contact_number": "42", "event": null}}, {"model": "web.register", "pk": 6, "fields": {"full_name": "Maia Arnold", "email": "bedyhemot@mailinator.com", "location": "Doloribus incidunt eu consequatur assumenda laboris laboriosam unde amet quis", "contact_number": "239", "event": null}}, {"model": "web.register", "pk": 7, "fields": {"full_name": "Debra Bender", "email": "tyhajipyw@mailinator.com", "location": "Alias qui adipisci enim deserunt rerum aut reiciendis expedita quis ut necessitatibus ullamco eligen", "contact_number": "927", "event": null}}, {"model": "web.register", "pk": 8, "fields": {"full_name": "Libby Lee", "email": "syzyc@mailinator.com", "location": "Quia est voluptas sequi soluta", "contact_number": "259", "event": null}}, {"model": "web.register", "pk": 9, "fields": {"full_name": "Ivor Strong", "email": "zopiqozaj@mailinator.com", "location": "Sunt blanditiis eum officia porro temporibus quaerat qui ut voluptates similique vitae veniam anim", "contact_number": "947", "event": null}}, {"model": "web.register", "pk": 10, "fields": {"full_name": "Yasir Koch", "email": "volyfa@mailinator.com", "location": "Duis qui aut eveniet eos labore aut sed dicta assumenda fugit laborum Labore cum consequatur deb", "contact_number": "523", "event": null}}, {"model": "web.register", "pk": 11, "fields": {"full_name": "Jena Fischer", "email": "heha@mailinator.com", "location": "Velit Nam omnis ad repudiandae amet repudiandae eiusmod earum quo maiores ex mollit neque ut corrup", "contact_number": "506", "event": null}}, {"model": "web.register", "pk": 12, "fields": {"full_name": "Rina Rollins", "email": "cudejadu@mailinator.com", "location": "Sed eius laboris voluptatem qui culpa dolore ullamco eius in sunt", "contact_number": "287", "event": null}}, {"model": "web.register", "pk": 13, "fields": {"full_name": "Peter Paul", "email": "pyqy@mailinator.com", "location": "Corrupti quas vel quia sed qui et odit doloremque sit corporis", "contact_number": "44", "event": 1}}, {"model": "web.register", "pk": 14, "fields": {"full_name": "Allen Deleon", "email": "vonoro@mailinator.com", "location": "Consectetur et deserunt commodi sit aut rem deleniti in laboriosam repellendus Est", "contact_number": "186", "event": 1}}, {"model": "web.register", "pk": 15, "fields": {"full_name": "Carolyn Wheeler", "email": "kugoko@mailinator.com", "location": "Excepteur provident natus fugit aut minima veniam voluptatem laborum", "contact_number": "878", "event": 1}}, {"model": "web.courseregistration", "pk": 1, "fields": {"course": null, "name": "August Mayo", "email": "hivuh@mailinator.com", "phone": 58}}, {"model": "web.courseregistration", "pk": 2, "fields": {"course": 1, "name": "Yvette Haynes", "email": "zadev@mailinator.com", "phone": 308765432}}, {"model": "web.courseregistration", "pk": 3, "fields": {"course": 1, "name": "Noelani Rutledge", "email": "qevito@mailinator.com", "phone": 98}}]